{"cameraMode":{"drawMode":0,"name":"Shaded","section":"Shading Mode"},"sceneLighting":true,"audioPlay":false,"sceneViewState":{"showFog":true,"showMaterialUpdate":false,"showSkybox":true,"showFlares":true,"showImageEffects":true,"showParticleSystems":true},"in2DMode":false,"pivot":{"x":1.6283528804779053,"y":1.6596999168395997,"z":-2.7006144523620607},"rotation":{"x":-0.07915399968624115,"y":0.9103679656982422,"z":-0.20578482747077943,"w":-0.35016798973083498},"size":8.7098388671875,"orthographic":false}